,acc,sd,ae
vast,15.872995857353361,-4.282426584205639,7.509482124854874e-07
acc,25.315784006526417,-2.32515552158846,3.9284706772243627e-10
pm,14.861184755384883,-4.329274567880447,9.472997517787727e-09
dirac,16.23735220756443,29.73309121383064,5.1455752221475926e-06
model,41.32458452346034,-3.228535757381179,2.0082527922798032e-05
